Feature,Repository
DateDifference(),opensafely/post-covid-respiratory
Measures(),opensafely/ADHD-Pre-and-Post-Covid
Measures(),opensafely/JAKi-hosp
Measures(),opensafely/asthma_sro
Measures(),opensafely/cis-pop-validation-ehrql
Measures(),opensafely/ckd-healthcare-use
Measures(),opensafely/comparative-booster-ehrql-poc
Measures(),opensafely/covid-diabetes-care
Measures(),opensafely/covid-vaccine-history
Measures(),opensafely/custom-medication-dictionary-test
Measures(),opensafely/digital-access-to-primary-care
Measures(),opensafely/disease_incidence
Measures(),opensafely/disparities-comparison
Measures(),opensafely/dummy-data-workshop
Measures(),opensafely/early-inflammatory-arthritis
Measures(),opensafely/ehrql-test-study
Measures(),opensafely/ehrql-tutorial
Measures(),opensafely/inflammatory_rheum
Measures(),opensafely/mainroute_cancer
Measures(),opensafely/metformin_covid
Measures(),opensafely/open-pathology
Measures(),opensafely/openprompt-hrqol
Measures(),opensafely/openprompt-vaccine-long-covid
Measures(),opensafely/openprompt_health_utilisation
Measures(),opensafely/opioids-covid-research
Measures(),opensafely/pharmacy-first
Measures(),opensafely/pharmacy-first-data-development
Measures(),opensafely/pifu-data-exploration
Measures(),opensafely/post-covid-cvd-methods
Measures(),opensafely/post-covid-neurodegenerative
Measures(),opensafely/post-covid-renal
Measures(),opensafely/post-covid-respiratory
Measures(),opensafely/post-covid-vax-autoimmune
Measures(),opensafely/qof
Measures(),opensafely/qof-diabetes
Measures(),opensafely/reusable-variables
Measures(),opensafely/shielding-evaluation
Measures(),opensafely/test-age-distribution
Measures(),opensafely/vaccine-counts
Measures(),opensafely/vte-diagnoses-and-deaths
Measures(),opensafely/waiting-list
PatientFrame(),opensafely/ADHD-Pre-and-Post-Covid
PatientFrame(),opensafely/MH_pandemic
PatientFrame(),opensafely/asthma_sro
PatientFrame(),opensafely/ckd-healthcare-use
PatientFrame(),opensafely/comparative-booster-ehrql-poc
PatientFrame(),opensafely/covid-vaccine-history
PatientFrame(),opensafely/death-report
PatientFrame(),opensafely/digital-access-to-primary-care
PatientFrame(),opensafely/disease_incidence
PatientFrame(),opensafely/gh-testing-research
PatientFrame(),opensafely/isaric-exploration
PatientFrame(),opensafely/openprompt_health_utilisation
PatientFrame(),opensafely/post-covid-cvd-methods
PatientFrame(),opensafely/post-covid-neurodegenerative
PatientFrame(),opensafely/post-covid-renal
PatientFrame(),opensafely/post-covid-respiratory
PatientFrame(),opensafely/qof
PatientFrame(),opensafely/vte-diagnoses-and-deaths
PatientFrame(),opensafely/winter-pressures
add_column(),opensafely/ADHD-Pre-and-Post-Covid
add_column(),opensafely/MH_pandemic
add_column(),opensafely/SRO-Measures
add_column(),opensafely/comparative-booster-ehrql-poc
add_column(),opensafely/dataset-definition-testing-examples
add_column(),opensafely/disease_incidence
add_column(),opensafely/dummy-data-workshop
add_column(),opensafely/post-covid-neurodegenerative
add_column(),opensafely/post-covid-renal
add_column(),opensafely/prophy_effects_Sotro_Molnup
add_column(),opensafely/qof-diabetes
as_int(),opensafely/ehrql-test-study
as_int(),opensafely/opioids-covid-research
case(),opensafely/ADHD-Pre-and-Post-Covid
case(),opensafely/COMPARES-vaccines
case(),opensafely/JAKi-hosp
case(),opensafely/MH_pandemic
case(),opensafely/SRO-Measures
case(),opensafely/asthma_sro
case(),opensafely/cis-pop-validation-ehrql
case(),opensafely/ckd-healthcare-use
case(),opensafely/codelist-checks-test
case(),opensafely/comparative-booster-ehrql-poc
case(),opensafely/covid-diabetes-care
case(),opensafely/covid-vaccine-history
case(),opensafely/custom-medication-dictionary-test
case(),opensafely/dataset-definition-testing-examples
case(),opensafely/death-report
case(),opensafely/digital-access-to-primary-care
case(),opensafely/disease_incidence
case(),opensafely/disparities-comparison
case(),opensafely/dummy-data-workshop
case(),opensafely/early-inflammatory-arthritis
case(),opensafely/ehrql-test-study
case(),opensafely/ehrql-tutorial
case(),opensafely/end-of-life-carequality
case(),opensafely/inflammatory_rheum
case(),opensafely/isaric-exploration
case(),opensafely/mainroute_cancer
case(),opensafely/metformin_covid
case(),opensafely/open-pathology
case(),opensafely/open-pathology-sdr
case(),opensafely/openprompt-cohort-profile
case(),opensafely/openprompt-hrqol
case(),opensafely/openprompt-vaccine-long-covid
case(),opensafely/openprompt_health_utilisation
case(),opensafely/opioids-covid-research
case(),opensafely/pharmacy-first
case(),opensafely/pharmacy-first-data-development
case(),opensafely/pifu-data-exploration
case(),opensafely/pincer-measures
case(),opensafely/polypharmacy-deprescribing-dementia
case(),opensafely/post-covid-cvd-methods
case(),opensafely/post-covid-neurodegenerative
case(),opensafely/post-covid-renal
case(),opensafely/post-covid-respiratory
case(),opensafely/post-covid-vax-autoimmune
case(),opensafely/prophy_effects_Sotro_Molnup
case(),opensafely/qof
case(),opensafely/qof-diabetes
case(),opensafely/reusable-variables
case(),opensafely/tocilizumab_and_sarilumab
case(),opensafely/vaccine-counts
case(),opensafely/vte-diagnoses-and-deaths
case(),opensafely/waiting-list
codelist_from_csv(),opensafely/ADHD-Pre-and-Post-Covid
codelist_from_csv(),opensafely/COMPARES-vaccines
codelist_from_csv(),opensafely/JAKi-hosp
codelist_from_csv(),opensafely/airmid-data-development
codelist_from_csv(),opensafely/asthma_sro
codelist_from_csv(),opensafely/cis-pop-validation-ehrql
codelist_from_csv(),opensafely/ckd-healthcare-use
codelist_from_csv(),opensafely/covid-vaccine-history
codelist_from_csv(),opensafely/dataset-definition-testing-examples
codelist_from_csv(),opensafely/disparities-comparison
codelist_from_csv(),opensafely/dummy-data-workshop
codelist_from_csv(),opensafely/early-inflammatory-arthritis
codelist_from_csv(),opensafely/ehrql-test-study
codelist_from_csv(),opensafely/ehrql-tutorial
codelist_from_csv(),opensafely/ehrql-workflow
codelist_from_csv(),opensafely/end-of-life-carequality
codelist_from_csv(),opensafely/inflammatory_rheum
codelist_from_csv(),opensafely/isaric-exploration
codelist_from_csv(),opensafely/mainroute_cancer
codelist_from_csv(),opensafely/metformin_covid
codelist_from_csv(),opensafely/open-pathology-sdr
codelist_from_csv(),opensafely/openprompt-cohort-profile
codelist_from_csv(),opensafely/openprompt-vaccine-long-covid
codelist_from_csv(),opensafely/openprompt_health_utilisation
codelist_from_csv(),opensafely/opioids-covid-research
codelist_from_csv(),opensafely/paxlovid-test
codelist_from_csv(),opensafely/pifu-data-exploration
codelist_from_csv(),opensafely/pincer-measures
codelist_from_csv(),opensafely/post-covid-cvd-methods
codelist_from_csv(),opensafely/post-covid-neurodegenerative
codelist_from_csv(),opensafely/post-covid-renal
codelist_from_csv(),opensafely/post-covid-respiratory
codelist_from_csv(),opensafely/prophy_effects_Sotro_Molnup
codelist_from_csv(),opensafely/qof
codelist_from_csv(),opensafely/qof-diabetes
codelist_from_csv(),opensafely/reusable-variables
codelist_from_csv(),opensafely/shielding-evaluation
codelist_from_csv(),opensafely/waiting-list
configure_disclosure_control(),opensafely/asthma_sro
configure_disclosure_control(),opensafely/covid-diabetes-care
configure_disclosure_control(),opensafely/dummy-data-workshop
configure_disclosure_control(),opensafely/ehrql-tutorial
configure_disclosure_control(),opensafely/metformin_covid
configure_disclosure_control(),opensafely/openprompt-hrqol
configure_disclosure_control(),opensafely/opioids-covid-research
configure_disclosure_control(),opensafely/pharmacy-first-data-development
configure_disclosure_control(),opensafely/post-covid-neurodegenerative
configure_disclosure_control(),opensafely/vte-diagnoses-and-deaths
configure_disclosure_control(),opensafely/waiting-list
configure_dummy_data(),opensafely/ADHD-Pre-and-Post-Covid
configure_dummy_data(),opensafely/JAKi-hosp
configure_dummy_data(),opensafely/SRO-Measures
configure_dummy_data(),opensafely/asthma_sro
configure_dummy_data(),opensafely/cis-pop-validation-ehrql
configure_dummy_data(),opensafely/ckd-healthcare-use
configure_dummy_data(),opensafely/comparative-booster-ehrql-poc
configure_dummy_data(),opensafely/covid-diabetes-care
configure_dummy_data(),opensafely/covid-vaccine-history
configure_dummy_data(),opensafely/dataset-definition-testing-examples
configure_dummy_data(),opensafely/death-report
configure_dummy_data(),opensafely/disease_incidence
configure_dummy_data(),opensafely/disparities-comparison
configure_dummy_data(),opensafely/dummy-data-workshop
configure_dummy_data(),opensafely/early-inflammatory-arthritis
configure_dummy_data(),opensafely/end-of-life-carequality
configure_dummy_data(),opensafely/isaric-exploration
configure_dummy_data(),opensafely/mainroute_cancer
configure_dummy_data(),opensafely/metformin_covid
configure_dummy_data(),opensafely/open-pathology-sdr
configure_dummy_data(),opensafely/openprompt-cohort-profile
configure_dummy_data(),opensafely/openprompt-hrqol
configure_dummy_data(),opensafely/openprompt-vaccine-long-covid
configure_dummy_data(),opensafely/openprompt_health_utilisation
configure_dummy_data(),opensafely/opioids-covid-research
configure_dummy_data(),opensafely/pharmacy-first
configure_dummy_data(),opensafely/pharmacy-first-data-development
configure_dummy_data(),opensafely/pifu-data-exploration
configure_dummy_data(),opensafely/polypharmacy-deprescribing-dementia
configure_dummy_data(),opensafely/post-covid-cvd-methods
configure_dummy_data(),opensafely/post-covid-neurodegenerative
configure_dummy_data(),opensafely/post-covid-renal
configure_dummy_data(),opensafely/post-covid-respiratory
configure_dummy_data(),opensafely/post-covid-vax-autoimmune
configure_dummy_data(),opensafely/qof
configure_dummy_data(),opensafely/qof-diabetes
configure_dummy_data(),opensafely/reusable-variables
configure_dummy_data(),opensafely/shielding-evaluation
configure_dummy_data(),opensafely/test-age-distribution
configure_dummy_data(),opensafely/tocilizumab_and_sarilumab
configure_dummy_data(),opensafely/vaccine-counts
configure_dummy_data(),opensafely/vte-diagnoses-and-deaths
configure_dummy_data(),opensafely/waiting-list
contains(),opensafely/ADHD-Pre-and-Post-Covid
contains(),opensafely/COMPARES-vaccines
contains(),opensafely/ckd-healthcare-use
contains(),opensafely/dataset-definition-testing-examples
contains(),opensafely/death-report
contains(),opensafely/digital-access-to-primary-care
contains(),opensafely/disease_incidence
contains(),opensafely/disparities-comparison
contains(),opensafely/dummy-data-workshop
contains(),opensafely/ehrql-test-study
contains(),opensafely/ehrql-tutorial
contains(),opensafely/end-of-life-carequality
contains(),opensafely/inflammatory_rheum
contains(),opensafely/isaric-exploration
contains(),opensafely/mainroute_cancer
contains(),opensafely/metformin_covid
contains(),opensafely/open-pathology
contains(),opensafely/openprompt-cohort-profile
contains(),opensafely/openprompt-hrqol
contains(),opensafely/openprompt-vaccine-long-covid
contains(),opensafely/openprompt_health_utilisation
contains(),opensafely/opioids-covid-research
contains(),opensafely/pharmacy-first
contains(),opensafely/pharmacy-first-data-development
contains(),opensafely/pifu-data-exploration
contains(),opensafely/post-covid-cvd-methods
contains(),opensafely/post-covid-neurodegenerative
contains(),opensafely/post-covid-renal
contains(),opensafely/post-covid-respiratory
contains(),opensafely/qof-diabetes
contains(),opensafely/reusable-variables
contains(),opensafely/waiting-list
contains_any_of(),opensafely/digital-access-to-primary-care
contains_any_of(),opensafely/disparities-comparison
contains_any_of(),opensafely/dummy-data-workshop
contains_any_of(),opensafely/openprompt_health_utilisation
contains_any_of(),opensafely/opioids-covid-research
contains_any_of(),opensafely/pharmacy-first
contains_any_of(),opensafely/pharmacy-first-data-development
contains_any_of(),opensafely/post-covid-neurodegenerative
contains_any_of(),opensafely/post-covid-renal
contains_any_of(),opensafely/waiting-list
count_distinct_for_patient(),opensafely/ADHD-Pre-and-Post-Covid
count_distinct_for_patient(),opensafely/COMPARES-vaccines
count_distinct_for_patient(),opensafely/disparities-comparison
count_distinct_for_patient(),opensafely/dummy-data-workshop
count_distinct_for_patient(),opensafely/end-of-life-carequality
count_distinct_for_patient(),opensafely/openprompt-hrqol
count_distinct_for_patient(),opensafely/post-covid-neurodegenerative
count_distinct_for_patient(),opensafely/qof
count_distinct_for_patient(),opensafely/qof-diabetes
count_distinct_for_patient(),opensafely/waiting-list
count_episodes_for_patient(),opensafely/asthma_sro
count_episodes_for_patient(),opensafely/dataset-definition-testing-examples
count_episodes_for_patient(),opensafely/open-pathology
count_episodes_for_patient(),opensafely/openprompt_health_utilisation
count_episodes_for_patient(),opensafely/qof
count_for_patient(),opensafely/ADHD-Pre-and-Post-Covid
count_for_patient(),opensafely/MH_pandemic
count_for_patient(),opensafely/cis-pop-validation-ehrql
count_for_patient(),opensafely/ckd-healthcare-use
count_for_patient(),opensafely/comparative-booster-ehrql-poc
count_for_patient(),opensafely/covid-diabetes-care
count_for_patient(),opensafely/covid-vaccine-history
count_for_patient(),opensafely/dataset-definition-testing-examples
count_for_patient(),opensafely/death-report
count_for_patient(),opensafely/digital-access-to-primary-care
count_for_patient(),opensafely/disease_incidence
count_for_patient(),opensafely/disparities-comparison
count_for_patient(),opensafely/dummy-data-workshop
count_for_patient(),opensafely/ehrql-tutorial
count_for_patient(),opensafely/end-of-life-carequality
count_for_patient(),opensafely/inflammatory_rheum
count_for_patient(),opensafely/mainroute_cancer
count_for_patient(),opensafely/metformin_covid
count_for_patient(),opensafely/openprompt-hrqol
count_for_patient(),opensafely/openprompt_health_utilisation
count_for_patient(),opensafely/opioids-covid-research
count_for_patient(),opensafely/pharmacy-first
count_for_patient(),opensafely/pharmacy-first-data-development
count_for_patient(),opensafely/pifu-data-exploration
count_for_patient(),opensafely/post-covid-cvd-methods
count_for_patient(),opensafely/post-covid-neurodegenerative
count_for_patient(),opensafely/post-covid-renal
count_for_patient(),opensafely/post-covid-respiratory
count_for_patient(),opensafely/prophy_effects_Sotro_Molnup
count_for_patient(),opensafely/qof
count_for_patient(),opensafely/qof-diabetes
count_for_patient(),opensafely/reusable-variables
count_for_patient(),opensafely/shielding-evaluation
count_for_patient(),opensafely/test-age-distribution
count_for_patient(),opensafely/tocilizumab_and_sarilumab
count_for_patient(),opensafely/vte-diagnoses-and-deaths
count_for_patient(),opensafely/waiting-list
create_dataset(),opensafely/ADHD-Pre-and-Post-Covid
create_dataset(),opensafely/JAKi-hosp
create_dataset(),opensafely/SRO-Measures
create_dataset(),opensafely/asthma_sro
create_dataset(),opensafely/cis-pop-validation-ehrql
create_dataset(),opensafely/comparative-booster-ehrql-poc
create_dataset(),opensafely/covid-diabetes-care
create_dataset(),opensafely/covid-vaccine-history
create_dataset(),opensafely/curation-variables-library
create_dataset(),opensafely/dataset-definition-testing-examples
create_dataset(),opensafely/death-report
create_dataset(),opensafely/dfms-covid19-new
create_dataset(),opensafely/disease_incidence
create_dataset(),opensafely/disparities-comparison
create_dataset(),opensafely/doacs-covid19-new
create_dataset(),opensafely/dummy-data-workshop
create_dataset(),opensafely/ehrql-test-study
create_dataset(),opensafely/ehrql-workflow
create_dataset(),opensafely/mainroute_cancer
create_dataset(),opensafely/metformin_covid
create_dataset(),opensafely/open-pathology-sdr
create_dataset(),opensafely/openprompt-cohort-profile
create_dataset(),opensafely/openprompt-hrqol
create_dataset(),opensafely/openprompt-vaccine-long-covid
create_dataset(),opensafely/openprompt_health_utilisation
create_dataset(),opensafely/opioids-covid-research
create_dataset(),opensafely/opioids-data-curation
create_dataset(),opensafely/pharmacy-first
create_dataset(),opensafely/pharmacy-first-data-development
create_dataset(),opensafely/pifu-data-exploration
create_dataset(),opensafely/pincer-measures
create_dataset(),opensafely/post-covid-cvd-methods
create_dataset(),opensafely/post-covid-neurodegenerative
create_dataset(),opensafely/post-covid-renal
create_dataset(),opensafely/post-covid-respiratory
create_dataset(),opensafely/prophy_effects_Sotro_Molnup
create_dataset(),opensafely/qof
create_dataset(),opensafely/qof-diabetes
create_dataset(),opensafely/reduce-hf
create_dataset(),opensafely/reusable-variables
create_dataset(),opensafely/shielding-evaluation
create_dataset(),opensafely/statins-covid
create_dataset(),opensafely/tocilizumab_and_sarilumab
create_dataset(),opensafely/waiting-list
create_measures(),opensafely/ADHD-Pre-and-Post-Covid
create_measures(),opensafely/JAKi-hosp
create_measures(),opensafely/asthma_sro
create_measures(),opensafely/cis-pop-validation-ehrql
create_measures(),opensafely/comparative-booster-ehrql-poc
create_measures(),opensafely/digital-access-to-primary-care
create_measures(),opensafely/disease_incidence
create_measures(),opensafely/dummy-data-workshop
create_measures(),opensafely/early-inflammatory-arthritis
create_measures(),opensafely/inflammatory_rheum
create_measures(),opensafely/mainroute_cancer
create_measures(),opensafely/metformin_covid
create_measures(),opensafely/openprompt-hrqol
create_measures(),opensafely/openprompt-vaccine-long-covid
create_measures(),opensafely/openprompt_health_utilisation
create_measures(),opensafely/pharmacy-first
create_measures(),opensafely/pharmacy-first-data-development
create_measures(),opensafely/pifu-data-exploration
create_measures(),opensafely/post-covid-neurodegenerative
create_measures(),opensafely/post-covid-renal
create_measures(),opensafely/post-covid-vax-autoimmune
create_measures(),opensafely/qof-diabetes
create_measures(),opensafely/reusable-variables
create_measures(),opensafely/test-age-distribution
create_measures(),opensafely/vaccine-counts
create_measures(),opensafely/waiting-list
days(),opensafely/ADHD-Pre-and-Post-Covid
days(),opensafely/COMPARES-vaccines
days(),opensafely/MH_pandemic
days(),opensafely/SRO-Measures
days(),opensafely/asthma_sro
days(),opensafely/cis-pop-validation-ehrql
days(),opensafely/ckd-healthcare-use
days(),opensafely/comparative-booster-ehrql-poc
days(),opensafely/covid-diabetes-care
days(),opensafely/covid-vaccine-history
days(),opensafely/dataset-definition-testing-examples
days(),opensafely/death-report
days(),opensafely/digital-access-to-primary-care
days(),opensafely/disease_incidence
days(),opensafely/disparities-comparison
days(),opensafely/dummy-data-workshop
days(),opensafely/ehrql-test-study
days(),opensafely/ehrql-tutorial
days(),opensafely/end-of-life-carequality
days(),opensafely/inflammatory_rheum
days(),opensafely/isaric-exploration
days(),opensafely/mainroute_cancer
days(),opensafely/metformin_covid
days(),opensafely/open-pathology
days(),opensafely/open-pathology-sdr
days(),opensafely/openprompt-hrqol
days(),opensafely/openprompt-vaccine-long-covid
days(),opensafely/openprompt_health_utilisation
days(),opensafely/opioids-covid-research
days(),opensafely/pharmacy-first
days(),opensafely/pharmacy-first-data-development
days(),opensafely/pifu-data-exploration
days(),opensafely/pincer-measures
days(),opensafely/polypharmacy-deprescribing-dementia
days(),opensafely/post-covid-cvd-methods
days(),opensafely/post-covid-neurodegenerative
days(),opensafely/post-covid-renal
days(),opensafely/post-covid-respiratory
days(),opensafely/post-covid-vax-autoimmune
days(),opensafely/prophy_effects_Sotro_Molnup
days(),opensafely/qof
days(),opensafely/qof-diabetes
days(),opensafely/reusable-variables
days(),opensafely/vte-diagnoses-and-deaths
days(),opensafely/waiting-list
define_defaults(),opensafely/ADHD-Pre-and-Post-Covid
define_defaults(),opensafely/asthma_sro
define_defaults(),opensafely/covid-diabetes-care
define_defaults(),opensafely/disparities-comparison
define_defaults(),opensafely/dummy-data-workshop
define_defaults(),opensafely/ehrql-tutorial
define_defaults(),opensafely/openprompt-hrqol
define_defaults(),opensafely/opioids-covid-research
define_defaults(),opensafely/pharmacy-first-data-development
define_defaults(),opensafely/post-covid-neurodegenerative
define_defaults(),opensafely/shielding-evaluation
define_defaults(),opensafely/vte-diagnoses-and-deaths
define_defaults(),opensafely/waiting-list
define_measure(),opensafely/ADHD-Pre-and-Post-Covid
define_measure(),opensafely/JAKi-hosp
define_measure(),opensafely/asthma_sro
define_measure(),opensafely/cis-pop-validation-ehrql
define_measure(),opensafely/comparative-booster-ehrql-poc
define_measure(),opensafely/covid-diabetes-care
define_measure(),opensafely/digital-access-to-primary-care
define_measure(),opensafely/disease_incidence
define_measure(),opensafely/disparities-comparison
define_measure(),opensafely/dummy-data-workshop
define_measure(),opensafely/early-inflammatory-arthritis
define_measure(),opensafely/ehrql-test-study
define_measure(),opensafely/ehrql-tutorial
define_measure(),opensafely/mainroute_cancer
define_measure(),opensafely/metformin_covid
define_measure(),opensafely/openprompt-hrqol
define_measure(),opensafely/openprompt_health_utilisation
define_measure(),opensafely/opioids-covid-research
define_measure(),opensafely/pharmacy-first
define_measure(),opensafely/pharmacy-first-data-development
define_measure(),opensafely/pifu-data-exploration
define_measure(),opensafely/post-covid-neurodegenerative
define_measure(),opensafely/post-covid-vax-autoimmune
define_measure(),opensafely/reusable-variables
define_measure(),opensafely/shielding-evaluation
define_measure(),opensafely/test-age-distribution
define_measure(),opensafely/vaccine-counts
define_measure(),opensafely/vte-diagnoses-and-deaths
define_measure(),opensafely/waiting-list
define_population(),opensafely/ADHD-Pre-and-Post-Covid
define_population(),opensafely/COMPARES-vaccines
define_population(),opensafely/JAKi-hosp
define_population(),opensafely/SRO-Measures
define_population(),opensafely/asthma_sro
define_population(),opensafely/cis-pop-validation-ehrql
define_population(),opensafely/ckd-healthcare-use
define_population(),opensafely/codelist-checks-test
define_population(),opensafely/comparative-booster-ehrql-poc
define_population(),opensafely/covid-diabetes-care
define_population(),opensafely/covid-vaccine-history
define_population(),opensafely/curation-variables-library
define_population(),opensafely/dataset-definition-testing-examples
define_population(),opensafely/death-report
define_population(),opensafely/dfms-covid19-new
define_population(),opensafely/disease_incidence
define_population(),opensafely/disparities-comparison
define_population(),opensafely/doacs-covid19-new
define_population(),opensafely/dummy-data-workshop
define_population(),opensafely/ehrql-test-study
define_population(),opensafely/ehrql-tutorial
define_population(),opensafely/ehrql-workflow
define_population(),opensafely/end-of-life-carequality
define_population(),opensafely/gh-testing-research
define_population(),opensafely/isaric-exploration
define_population(),opensafely/mainroute_cancer
define_population(),opensafely/metformin_covid
define_population(),opensafely/open-pathology-sdr
define_population(),opensafely/openprompt-cohort-profile
define_population(),opensafely/openprompt-hrqol
define_population(),opensafely/openprompt-vaccine-long-covid
define_population(),opensafely/openprompt_health_utilisation
define_population(),opensafely/opioids-covid-research
define_population(),opensafely/opioids-data-curation
define_population(),opensafely/pharmacy-first
define_population(),opensafely/pharmacy-first-data-development
define_population(),opensafely/pifu-data-exploration
define_population(),opensafely/pincer-measures
define_population(),opensafely/polypharmacy-deprescribing-dementia
define_population(),opensafely/post-covid-cvd-methods
define_population(),opensafely/post-covid-neurodegenerative
define_population(),opensafely/post-covid-renal
define_population(),opensafely/post-covid-respiratory
define_population(),opensafely/prophy_effects_Sotro_Molnup
define_population(),opensafely/qof
define_population(),opensafely/qof-diabetes
define_population(),opensafely/reduce-hf
define_population(),opensafely/reusable-variables
define_population(),opensafely/shielding-evaluation
define_population(),opensafely/statins-covid
define_population(),opensafely/tocilizumab_and_sarilumab
define_population(),opensafely/vaccine-counts
define_population(),opensafely/vte-diagnoses-and-deaths
define_population(),opensafely/waiting-list
end_date,opensafely/ADHD-Pre-and-Post-Covid
end_date,opensafely/COMPARES-vaccines
end_date,opensafely/JAKi-hosp
end_date,opensafely/asthma_sro
end_date,opensafely/cis-pop-validation-ehrql
end_date,opensafely/ckd-healthcare-use
end_date,opensafely/codelist-checks-test
end_date,opensafely/comparative-booster-ehrql-poc
end_date,opensafely/covid-diabetes-care
end_date,opensafely/covid-vaccine-history
end_date,opensafely/custom-medication-dictionary-test
end_date,opensafely/dataset-definition-testing-examples
end_date,opensafely/death-report
end_date,opensafely/digital-access-to-primary-care
end_date,opensafely/disease_incidence
end_date,opensafely/disparities-comparison
end_date,opensafely/doacs-covid19-new
end_date,opensafely/dummy-data-workshop
end_date,opensafely/early-inflammatory-arthritis
end_date,opensafely/ehrql-test-study
end_date,opensafely/ehrql-tutorial
end_date,opensafely/end-of-life-carequality
end_date,opensafely/gh-testing-research
end_date,opensafely/inflammatory_rheum
end_date,opensafely/isaric-exploration
end_date,opensafely/mainroute_cancer
end_date,opensafely/metformin_covid
end_date,opensafely/open-pathology
end_date,opensafely/open-pathology-sdr
end_date,opensafely/openprompt-cohort-profile
end_date,opensafely/openprompt-hrqol
end_date,opensafely/openprompt-vaccine-long-covid
end_date,opensafely/openprompt_health_utilisation
end_date,opensafely/opioids-covid-research
end_date,opensafely/pharmacy-first
end_date,opensafely/pharmacy-first-data-development
end_date,opensafely/pifu-data-exploration
end_date,opensafely/pincer-measures
end_date,opensafely/post-covid-cvd-methods
end_date,opensafely/post-covid-neurodegenerative
end_date,opensafely/post-covid-renal
end_date,opensafely/post-covid-respiratory
end_date,opensafely/post-covid-vax-autoimmune
end_date,opensafely/prophy_effects_Sotro_Molnup
end_date,opensafely/qof
end_date,opensafely/qof-diabetes
end_date,opensafely/reusable-variables
end_date,opensafely/shielding-evaluation
end_date,opensafely/test-age-distribution
end_date,opensafely/tocilizumab_and_sarilumab
end_date,opensafely/vaccine-counts
end_date,opensafely/vte-diagnoses-and-deaths
end_date,opensafely/waiting-list
end_date,opensafely/winter-pressures
except_where(),opensafely/ADHD-Pre-and-Post-Covid
except_where(),opensafely/COMPARES-vaccines
except_where(),opensafely/asthma_sro
except_where(),opensafely/cis-pop-validation-ehrql
except_where(),opensafely/ckd-healthcare-use
except_where(),opensafely/dataset-definition-testing-examples
except_where(),opensafely/disease_incidence
except_where(),opensafely/disparities-comparison
except_where(),opensafely/dummy-data-workshop
except_where(),opensafely/ehrql-tutorial
except_where(),opensafely/end-of-life-carequality
except_where(),opensafely/metformin_covid
except_where(),opensafely/openprompt-hrqol
except_where(),opensafely/openprompt-vaccine-long-covid
except_where(),opensafely/openprompt_health_utilisation
except_where(),opensafely/pharmacy-first
except_where(),opensafely/post-covid-neurodegenerative
except_where(),opensafely/post-covid-renal
except_where(),opensafely/qof-diabetes
except_where(),opensafely/reusable-variables
except_where(),opensafely/waiting-list
exists_for_patient(),opensafely/ADHD-Pre-and-Post-Covid
exists_for_patient(),opensafely/COMPARES-vaccines
exists_for_patient(),opensafely/JAKi-hosp
exists_for_patient(),opensafely/MH_pandemic
exists_for_patient(),opensafely/SRO-Measures
exists_for_patient(),opensafely/asthma_sro
exists_for_patient(),opensafely/cis-pop-validation-ehrql
exists_for_patient(),opensafely/ckd-healthcare-use
exists_for_patient(),opensafely/codelist-checks-test
exists_for_patient(),opensafely/comparative-booster-ehrql-poc
exists_for_patient(),opensafely/covid-diabetes-care
exists_for_patient(),opensafely/covid-vaccine-history
exists_for_patient(),opensafely/curation-variables-library
exists_for_patient(),opensafely/custom-medication-dictionary-test
exists_for_patient(),opensafely/dataset-definition-testing-examples
exists_for_patient(),opensafely/death-report
exists_for_patient(),opensafely/dfms-covid19-new
exists_for_patient(),opensafely/digital-access-to-primary-care
exists_for_patient(),opensafely/disease_incidence
exists_for_patient(),opensafely/disparities-comparison
exists_for_patient(),opensafely/dummy-data-workshop
exists_for_patient(),opensafely/early-inflammatory-arthritis
exists_for_patient(),opensafely/ehrql-test-study
exists_for_patient(),opensafely/ehrql-tutorial
exists_for_patient(),opensafely/ehrql-workflow
exists_for_patient(),opensafely/end-of-life-carequality
exists_for_patient(),opensafely/gh-testing-research
exists_for_patient(),opensafely/inflammatory_rheum
exists_for_patient(),opensafely/isaric-exploration
exists_for_patient(),opensafely/mainroute_cancer
exists_for_patient(),opensafely/metformin_covid
exists_for_patient(),opensafely/open-pathology
exists_for_patient(),opensafely/open-pathology-sdr
exists_for_patient(),opensafely/openprompt-cohort-profile
exists_for_patient(),opensafely/openprompt-hrqol
exists_for_patient(),opensafely/openprompt-vaccine-long-covid
exists_for_patient(),opensafely/openprompt_health_utilisation
exists_for_patient(),opensafely/opioids-covid-research
exists_for_patient(),opensafely/opioids-data-curation
exists_for_patient(),opensafely/pharmacy-first
exists_for_patient(),opensafely/pharmacy-first-data-development
exists_for_patient(),opensafely/pifu-data-exploration
exists_for_patient(),opensafely/pincer-measures
exists_for_patient(),opensafely/polypharmacy-deprescribing-dementia
exists_for_patient(),opensafely/post-covid-cvd-methods
exists_for_patient(),opensafely/post-covid-neurodegenerative
exists_for_patient(),opensafely/post-covid-renal
exists_for_patient(),opensafely/post-covid-respiratory
exists_for_patient(),opensafely/post-covid-vax-autoimmune
exists_for_patient(),opensafely/prophy_effects_Sotro_Molnup
exists_for_patient(),opensafely/qof
exists_for_patient(),opensafely/qof-diabetes
exists_for_patient(),opensafely/reduce-hf
exists_for_patient(),opensafely/reusable-variables
exists_for_patient(),opensafely/statins-covid
exists_for_patient(),opensafely/test-age-distribution
exists_for_patient(),opensafely/tocilizumab_and_sarilumab
exists_for_patient(),opensafely/vaccine-counts
exists_for_patient(),opensafely/vte-diagnoses-and-deaths
exists_for_patient(),opensafely/waiting-list
first_for_patient(),opensafely/ADHD-Pre-and-Post-Covid
first_for_patient(),opensafely/JAKi-hosp
first_for_patient(),opensafely/asthma_sro
first_for_patient(),opensafely/codelist-checks-test
first_for_patient(),opensafely/comparative-booster-ehrql-poc
first_for_patient(),opensafely/covid-diabetes-care
first_for_patient(),opensafely/dataset-definition-testing-examples
first_for_patient(),opensafely/death-report
first_for_patient(),opensafely/digital-access-to-primary-care
first_for_patient(),opensafely/disease_incidence
first_for_patient(),opensafely/disparities-comparison
first_for_patient(),opensafely/dummy-data-workshop
first_for_patient(),opensafely/ehrql-test-study
first_for_patient(),opensafely/ehrql-tutorial
first_for_patient(),opensafely/end-of-life-carequality
first_for_patient(),opensafely/inflammatory_rheum
first_for_patient(),opensafely/mainroute_cancer
first_for_patient(),opensafely/metformin_covid
first_for_patient(),opensafely/open-pathology
first_for_patient(),opensafely/open-pathology-sdr
first_for_patient(),opensafely/openprompt-cohort-profile
first_for_patient(),opensafely/openprompt-hrqol
first_for_patient(),opensafely/openprompt-vaccine-long-covid
first_for_patient(),opensafely/openprompt_health_utilisation
first_for_patient(),opensafely/opioids-covid-research
first_for_patient(),opensafely/pharmacy-first
first_for_patient(),opensafely/pharmacy-first-data-development
first_for_patient(),opensafely/pifu-data-exploration
first_for_patient(),opensafely/pincer-measures
first_for_patient(),opensafely/post-covid-cvd-methods
first_for_patient(),opensafely/post-covid-neurodegenerative
first_for_patient(),opensafely/post-covid-renal
first_for_patient(),opensafely/post-covid-respiratory
first_for_patient(),opensafely/post-covid-vax-autoimmune
first_for_patient(),opensafely/prophy_effects_Sotro_Molnup
first_for_patient(),opensafely/qof
first_for_patient(),opensafely/qof-diabetes
first_for_patient(),opensafely/reusable-variables
first_for_patient(),opensafely/vte-diagnoses-and-deaths
first_for_patient(),opensafely/waiting-list
get_parameter(),opensafely/covid-vaccine-history
get_parameter(),opensafely/openprompt-vaccine-long-covid
get_parameter(),opensafely/reusable-variables
is_after(),opensafely/ADHD-Pre-and-Post-Covid
is_after(),opensafely/SRO-Measures
is_after(),opensafely/asthma_sro
is_after(),opensafely/cis-pop-validation-ehrql
is_after(),opensafely/comparative-booster-ehrql-poc
is_after(),opensafely/covid-diabetes-care
is_after(),opensafely/custom-medication-dictionary-test
is_after(),opensafely/digital-access-to-primary-care
is_after(),opensafely/disease_incidence
is_after(),opensafely/disparities-comparison
is_after(),opensafely/dummy-data-workshop
is_after(),opensafely/ehrql-tutorial
is_after(),opensafely/inflammatory_rheum
is_after(),opensafely/isaric-exploration
is_after(),opensafely/metformin_covid
is_after(),opensafely/open-pathology
is_after(),opensafely/open-pathology-sdr
is_after(),opensafely/openprompt-cohort-profile
is_after(),opensafely/openprompt-hrqol
is_after(),opensafely/openprompt-vaccine-long-covid
is_after(),opensafely/openprompt_health_utilisation
is_after(),opensafely/opioids-covid-research
is_after(),opensafely/pharmacy-first
is_after(),opensafely/pharmacy-first-data-development
is_after(),opensafely/pifu-data-exploration
is_after(),opensafely/pincer-measures
is_after(),opensafely/post-covid-cvd-methods
is_after(),opensafely/post-covid-neurodegenerative
is_after(),opensafely/post-covid-renal
is_after(),opensafely/post-covid-respiratory
is_after(),opensafely/post-covid-vax-autoimmune
is_after(),opensafely/prophy_effects_Sotro_Molnup
is_after(),opensafely/qof
is_after(),opensafely/qof-diabetes
is_after(),opensafely/reusable-variables
is_after(),opensafely/vte-diagnoses-and-deaths
is_before(),opensafely/comparative-booster-ehrql-poc
is_before(),opensafely/covid-diabetes-care
is_before(),opensafely/covid-vaccine-history
is_before(),opensafely/disease_incidence
is_before(),opensafely/disparities-comparison
is_before(),opensafely/ehrql-test-study
is_before(),opensafely/ehrql-tutorial
is_before(),opensafely/inflammatory_rheum
is_before(),opensafely/opioids-covid-research
is_before(),opensafely/pharmacy-first
is_before(),opensafely/pharmacy-first-data-development
is_before(),opensafely/pincer-measures
is_before(),opensafely/post-covid-neurodegenerative
is_before(),opensafely/post-covid-renal
is_before(),opensafely/post-covid-respiratory
is_before(),opensafely/prophy_effects_Sotro_Molnup
is_before(),opensafely/qof
is_before(),opensafely/reusable-variables
is_before(),opensafely/waiting-list
is_between_but_not_on(),opensafely/dummy-data-workshop
is_between_but_not_on(),opensafely/ehrql-tutorial
is_between_but_not_on(),opensafely/metformin_covid
is_between_but_not_on(),opensafely/openprompt_health_utilisation
is_between_but_not_on(),opensafely/reusable-variables
is_during(),opensafely/ADHD-Pre-and-Post-Covid
is_during(),opensafely/cis-pop-validation-ehrql
is_during(),opensafely/digital-access-to-primary-care
is_during(),opensafely/metformin_covid
is_during(),opensafely/pifu-data-exploration
is_during(),opensafely/post-covid-vax-autoimmune
is_during(),opensafely/shielding-evaluation
is_in(),opensafely/ADHD-Pre-and-Post-Covid
is_in(),opensafely/COMPARES-vaccines
is_in(),opensafely/JAKi-hosp
is_in(),opensafely/MH_pandemic
is_in(),opensafely/SRO-Measures
is_in(),opensafely/asthma_sro
is_in(),opensafely/cis-pop-validation-ehrql
is_in(),opensafely/comparative-booster-ehrql-poc
is_in(),opensafely/covid-diabetes-care
is_in(),opensafely/covid-vaccine-history
is_in(),opensafely/custom-medication-dictionary-test
is_in(),opensafely/dataset-definition-testing-examples
is_in(),opensafely/death-report
is_in(),opensafely/digital-access-to-primary-care
is_in(),opensafely/disease_incidence
is_in(),opensafely/disparities-comparison
is_in(),opensafely/dummy-data-workshop
is_in(),opensafely/early-inflammatory-arthritis
is_in(),opensafely/ehrql-test-study
is_in(),opensafely/ehrql-tutorial
is_in(),opensafely/ehrql-workflow
is_in(),opensafely/end-of-life-carequality
is_in(),opensafely/inflammatory_rheum
is_in(),opensafely/isaric-exploration
is_in(),opensafely/mainroute_cancer
is_in(),opensafely/metformin_covid
is_in(),opensafely/open-pathology
is_in(),opensafely/open-pathology-sdr
is_in(),opensafely/openprompt-cohort-profile
is_in(),opensafely/openprompt-hrqol
is_in(),opensafely/openprompt-vaccine-long-covid
is_in(),opensafely/openprompt_health_utilisation
is_in(),opensafely/opioids-covid-research
is_in(),opensafely/pharmacy-first
is_in(),opensafely/pharmacy-first-data-development
is_in(),opensafely/pifu-data-exploration
is_in(),opensafely/pincer-measures
is_in(),opensafely/polypharmacy-deprescribing-dementia
is_in(),opensafely/post-covid-cvd-methods
is_in(),opensafely/post-covid-neurodegenerative
is_in(),opensafely/post-covid-renal
is_in(),opensafely/post-covid-respiratory
is_in(),opensafely/post-covid-vax-autoimmune
is_in(),opensafely/prophy_effects_Sotro_Molnup
is_in(),opensafely/qof
is_in(),opensafely/qof-diabetes
is_in(),opensafely/reusable-variables
is_in(),opensafely/shielding-evaluation
is_in(),opensafely/test-age-distribution
is_in(),opensafely/tocilizumab_and_sarilumab
is_in(),opensafely/vaccine-counts
is_in(),opensafely/vte-diagnoses-and-deaths
is_in(),opensafely/waiting-list
is_not_in(),opensafely/waiting-list
is_not_null(),opensafely/ADHD-Pre-and-Post-Covid
is_not_null(),opensafely/JAKi-hosp
is_not_null(),opensafely/MH_pandemic
is_not_null(),opensafely/SRO-Measures
is_not_null(),opensafely/asthma_sro
is_not_null(),opensafely/comparative-booster-ehrql-poc
is_not_null(),opensafely/covid-diabetes-care
is_not_null(),opensafely/death-report
is_not_null(),opensafely/disease_incidence
is_not_null(),opensafely/disparities-comparison
is_not_null(),opensafely/doacs-covid19-new
is_not_null(),opensafely/dummy-data-workshop
is_not_null(),opensafely/early-inflammatory-arthritis
is_not_null(),opensafely/ehrql-test-study
is_not_null(),opensafely/ehrql-workflow
is_not_null(),opensafely/inflammatory_rheum
is_not_null(),opensafely/mainroute_cancer
is_not_null(),opensafely/metformin_covid
is_not_null(),opensafely/open-pathology
is_not_null(),opensafely/openprompt-cohort-profile
is_not_null(),opensafely/openprompt-hrqol
is_not_null(),opensafely/openprompt-vaccine-long-covid
is_not_null(),opensafely/openprompt_health_utilisation
is_not_null(),opensafely/opioids-covid-research
is_not_null(),opensafely/pharmacy-first
is_not_null(),opensafely/pharmacy-first-data-development
is_not_null(),opensafely/pifu-data-exploration
is_not_null(),opensafely/pincer-measures
is_not_null(),opensafely/post-covid-cvd-methods
is_not_null(),opensafely/post-covid-neurodegenerative
is_not_null(),opensafely/post-covid-renal
is_not_null(),opensafely/post-covid-respiratory
is_not_null(),opensafely/prophy_effects_Sotro_Molnup
is_not_null(),opensafely/qof
is_not_null(),opensafely/qof-diabetes
is_not_null(),opensafely/reusable-variables
is_not_null(),opensafely/shielding-evaluation
is_not_null(),opensafely/vaccine-counts
is_null(),opensafely/ADHD-Pre-and-Post-Covid
is_null(),opensafely/JAKi-hosp
is_null(),opensafely/MH_pandemic
is_null(),opensafely/SRO-Measures
is_null(),opensafely/asthma_sro
is_null(),opensafely/cis-pop-validation-ehrql
is_null(),opensafely/comparative-booster-ehrql-poc
is_null(),opensafely/covid-diabetes-care
is_null(),opensafely/covid-vaccine-history
is_null(),opensafely/death-report
is_null(),opensafely/digital-access-to-primary-care
is_null(),opensafely/disease_incidence
is_null(),opensafely/disparities-comparison
is_null(),opensafely/dummy-data-workshop
is_null(),opensafely/early-inflammatory-arthritis
is_null(),opensafely/ehrql-test-study
is_null(),opensafely/ehrql-tutorial
is_null(),opensafely/ehrql-workflow
is_null(),opensafely/end-of-life-carequality
is_null(),opensafely/inflammatory_rheum
is_null(),opensafely/isaric-exploration
is_null(),opensafely/mainroute_cancer
is_null(),opensafely/metformin_covid
is_null(),opensafely/open-pathology
is_null(),opensafely/open-pathology-sdr
is_null(),opensafely/openprompt-cohort-profile
is_null(),opensafely/openprompt-hrqol
is_null(),opensafely/openprompt-vaccine-long-covid
is_null(),opensafely/openprompt_health_utilisation
is_null(),opensafely/opioids-covid-research
is_null(),opensafely/pharmacy-first
is_null(),opensafely/pharmacy-first-data-development
is_null(),opensafely/pifu-data-exploration
is_null(),opensafely/pincer-measures
is_null(),opensafely/post-covid-cvd-methods
is_null(),opensafely/post-covid-neurodegenerative
is_null(),opensafely/post-covid-renal
is_null(),opensafely/post-covid-respiratory
is_null(),opensafely/post-covid-vax-autoimmune
is_null(),opensafely/prophy_effects_Sotro_Molnup
is_null(),opensafely/qof
is_null(),opensafely/qof-diabetes
is_null(),opensafely/reusable-variables
is_null(),opensafely/vaccine-counts
is_null(),opensafely/vte-diagnoses-and-deaths
is_on_or_after(),opensafely/ADHD-Pre-and-Post-Covid
is_on_or_after(),opensafely/JAKi-hosp
is_on_or_after(),opensafely/MH_pandemic
is_on_or_after(),opensafely/SRO-Measures
is_on_or_after(),opensafely/comparative-booster-ehrql-poc
is_on_or_after(),opensafely/covid-diabetes-care
is_on_or_after(),opensafely/covid-vaccine-history
is_on_or_after(),opensafely/dataset-definition-testing-examples
is_on_or_after(),opensafely/death-report
is_on_or_after(),opensafely/disease_incidence
is_on_or_after(),opensafely/disparities-comparison
is_on_or_after(),opensafely/dummy-data-workshop
is_on_or_after(),opensafely/ehrql-test-study
is_on_or_after(),opensafely/inflammatory_rheum
is_on_or_after(),opensafely/metformin_covid
is_on_or_after(),opensafely/open-pathology
is_on_or_after(),opensafely/openprompt-hrqol
is_on_or_after(),opensafely/openprompt-vaccine-long-covid
is_on_or_after(),opensafely/opioids-covid-research
is_on_or_after(),opensafely/pharmacy-first
is_on_or_after(),opensafely/pharmacy-first-data-development
is_on_or_after(),opensafely/pifu-data-exploration
is_on_or_after(),opensafely/post-covid-cvd-methods
is_on_or_after(),opensafely/post-covid-neurodegenerative
is_on_or_after(),opensafely/post-covid-renal
is_on_or_after(),opensafely/post-covid-respiratory
is_on_or_after(),opensafely/prophy_effects_Sotro_Molnup
is_on_or_after(),opensafely/qof
is_on_or_after(),opensafely/qof-diabetes
is_on_or_after(),opensafely/reusable-variables
is_on_or_after(),opensafely/vte-diagnoses-and-deaths
is_on_or_before(),opensafely/ADHD-Pre-and-Post-Covid
is_on_or_before(),opensafely/JAKi-hosp
is_on_or_before(),opensafely/MH_pandemic
is_on_or_before(),opensafely/asthma_sro
is_on_or_before(),opensafely/comparative-booster-ehrql-poc
is_on_or_before(),opensafely/covid-diabetes-care
is_on_or_before(),opensafely/covid-vaccine-history
is_on_or_before(),opensafely/custom-medication-dictionary-test
is_on_or_before(),opensafely/death-report
is_on_or_before(),opensafely/digital-access-to-primary-care
is_on_or_before(),opensafely/disease_incidence
is_on_or_before(),opensafely/disparities-comparison
is_on_or_before(),opensafely/dummy-data-workshop
is_on_or_before(),opensafely/early-inflammatory-arthritis
is_on_or_before(),opensafely/ehrql-test-study
is_on_or_before(),opensafely/ehrql-tutorial
is_on_or_before(),opensafely/ehrql-workflow
is_on_or_before(),opensafely/end-of-life-carequality
is_on_or_before(),opensafely/inflammatory_rheum
is_on_or_before(),opensafely/isaric-exploration
is_on_or_before(),opensafely/mainroute_cancer
is_on_or_before(),opensafely/metformin_covid
is_on_or_before(),opensafely/open-pathology
is_on_or_before(),opensafely/open-pathology-sdr
is_on_or_before(),opensafely/openprompt-cohort-profile
is_on_or_before(),opensafely/openprompt-hrqol
is_on_or_before(),opensafely/openprompt-vaccine-long-covid
is_on_or_before(),opensafely/openprompt_health_utilisation
is_on_or_before(),opensafely/opioids-covid-research
is_on_or_before(),opensafely/pharmacy-first
is_on_or_before(),opensafely/pharmacy-first-data-development
is_on_or_before(),opensafely/pifu-data-exploration
is_on_or_before(),opensafely/pincer-measures
is_on_or_before(),opensafely/post-covid-cvd-methods
is_on_or_before(),opensafely/post-covid-neurodegenerative
is_on_or_before(),opensafely/post-covid-renal
is_on_or_before(),opensafely/post-covid-vax-autoimmune
is_on_or_before(),opensafely/prophy_effects_Sotro_Molnup
is_on_or_before(),opensafely/qof
is_on_or_before(),opensafely/qof-diabetes
is_on_or_before(),opensafely/reusable-variables
is_on_or_before(),opensafely/tocilizumab_and_sarilumab
is_on_or_before(),opensafely/vaccine-counts
is_on_or_before(),opensafely/waiting-list
is_on_or_between(),opensafely/ADHD-Pre-and-Post-Covid
is_on_or_between(),opensafely/MH_pandemic
is_on_or_between(),opensafely/asthma_sro
is_on_or_between(),opensafely/cis-pop-validation-ehrql
is_on_or_between(),opensafely/codelist-checks-test
is_on_or_between(),opensafely/comparative-booster-ehrql-poc
is_on_or_between(),opensafely/covid-diabetes-care
is_on_or_between(),opensafely/covid-vaccine-history
is_on_or_between(),opensafely/custom-medication-dictionary-test
is_on_or_between(),opensafely/dataset-definition-testing-examples
is_on_or_between(),opensafely/digital-access-to-primary-care
is_on_or_between(),opensafely/disease_incidence
is_on_or_between(),opensafely/disparities-comparison
is_on_or_between(),opensafely/doacs-covid19-new
is_on_or_between(),opensafely/dummy-data-workshop
is_on_or_between(),opensafely/ehrql-test-study
is_on_or_between(),opensafely/end-of-life-carequality
is_on_or_between(),opensafely/mainroute_cancer
is_on_or_between(),opensafely/metformin_covid
is_on_or_between(),opensafely/open-pathology
is_on_or_between(),opensafely/open-pathology-sdr
is_on_or_between(),opensafely/openprompt-hrqol
is_on_or_between(),opensafely/openprompt-vaccine-long-covid
is_on_or_between(),opensafely/openprompt_health_utilisation
is_on_or_between(),opensafely/opioids-covid-research
is_on_or_between(),opensafely/pharmacy-first
is_on_or_between(),opensafely/pharmacy-first-data-development
is_on_or_between(),opensafely/pifu-data-exploration
is_on_or_between(),opensafely/pincer-measures
is_on_or_between(),opensafely/post-covid-neurodegenerative
is_on_or_between(),opensafely/post-covid-renal
is_on_or_between(),opensafely/post-covid-respiratory
is_on_or_between(),opensafely/prophy_effects_Sotro_Molnup
is_on_or_between(),opensafely/qof
is_on_or_between(),opensafely/qof-diabetes
is_on_or_between(),opensafely/reusable-variables
is_on_or_between(),opensafely/test-age-distribution
is_on_or_between(),opensafely/tocilizumab_and_sarilumab
is_on_or_between(),opensafely/waiting-list
last_for_patient(),opensafely/ADHD-Pre-and-Post-Covid
last_for_patient(),opensafely/COMPARES-vaccines
last_for_patient(),opensafely/JAKi-hosp
last_for_patient(),opensafely/MH_pandemic
last_for_patient(),opensafely/asthma_sro
last_for_patient(),opensafely/cis-pop-validation-ehrql
last_for_patient(),opensafely/ckd-healthcare-use
last_for_patient(),opensafely/comparative-booster-ehrql-poc
last_for_patient(),opensafely/covid-diabetes-care
last_for_patient(),opensafely/covid-vaccine-history
last_for_patient(),opensafely/custom-medication-dictionary-test
last_for_patient(),opensafely/dataset-definition-testing-examples
last_for_patient(),opensafely/death-report
last_for_patient(),opensafely/digital-access-to-primary-care
last_for_patient(),opensafely/disease_incidence
last_for_patient(),opensafely/disparities-comparison
last_for_patient(),opensafely/doacs-covid19-new
last_for_patient(),opensafely/dummy-data-workshop
last_for_patient(),opensafely/ehrql-test-study
last_for_patient(),opensafely/ehrql-tutorial
last_for_patient(),opensafely/ehrql-workflow
last_for_patient(),opensafely/end-of-life-carequality
last_for_patient(),opensafely/inflammatory_rheum
last_for_patient(),opensafely/isaric-exploration
last_for_patient(),opensafely/mainroute_cancer
last_for_patient(),opensafely/metformin_covid
last_for_patient(),opensafely/open-pathology
last_for_patient(),opensafely/open-pathology-sdr
last_for_patient(),opensafely/openprompt-cohort-profile
last_for_patient(),opensafely/openprompt-hrqol
last_for_patient(),opensafely/openprompt-vaccine-long-covid
last_for_patient(),opensafely/openprompt_health_utilisation
last_for_patient(),opensafely/opioids-covid-research
last_for_patient(),opensafely/pharmacy-first
last_for_patient(),opensafely/pharmacy-first-data-development
last_for_patient(),opensafely/pifu-data-exploration
last_for_patient(),opensafely/pincer-measures
last_for_patient(),opensafely/polypharmacy-deprescribing-dementia
last_for_patient(),opensafely/post-covid-cvd-methods
last_for_patient(),opensafely/post-covid-neurodegenerative
last_for_patient(),opensafely/post-covid-renal
last_for_patient(),opensafely/post-covid-respiratory
last_for_patient(),opensafely/prophy_effects_Sotro_Molnup
last_for_patient(),opensafely/qof
last_for_patient(),opensafely/qof-diabetes
last_for_patient(),opensafely/reusable-variables
last_for_patient(),opensafely/tocilizumab_and_sarilumab
last_for_patient(),opensafely/vte-diagnoses-and-deaths
last_for_patient(),opensafely/waiting-list
map_values(),opensafely/disparities-comparison
map_values(),opensafely/metformin_covid
map_values(),opensafely/openprompt_health_utilisation
map_values(),opensafely/pharmacy-first
map_values(),opensafely/pifu-data-exploration
maximum_for_patient(),opensafely/custom-medication-dictionary-test
maximum_for_patient(),opensafely/disease_incidence
maximum_for_patient(),opensafely/disparities-comparison
maximum_for_patient(),opensafely/ehrql-test-study
maximum_for_patient(),opensafely/inflammatory_rheum
maximum_for_patient(),opensafely/mainroute_cancer
maximum_for_patient(),opensafely/pharmacy-first
maximum_for_patient(),opensafely/pifu-data-exploration
maximum_for_patient(),opensafely/pincer-measures
maximum_for_patient(),opensafely/prophy_effects_Sotro_Molnup
maximum_for_patient(),opensafely/waiting-list
maximum_of(),opensafely/ADHD-Pre-and-Post-Covid
maximum_of(),opensafely/asthma_sro
maximum_of(),opensafely/covid-diabetes-care
maximum_of(),opensafely/covid-vaccine-history
maximum_of(),opensafely/dataset-definition-testing-examples
maximum_of(),opensafely/disparities-comparison
maximum_of(),opensafely/dummy-data-workshop
maximum_of(),opensafely/mainroute_cancer
maximum_of(),opensafely/open-pathology
maximum_of(),opensafely/openprompt-hrqol
maximum_of(),opensafely/opioids-covid-research
maximum_of(),opensafely/pharmacy-first-data-development
maximum_of(),opensafely/pifu-data-exploration
maximum_of(),opensafely/post-covid-neurodegenerative
maximum_of(),opensafely/post-covid-renal
maximum_of(),opensafely/qof
maximum_of(),opensafely/qof-diabetes
maximum_of(),opensafely/reusable-variables
mean_for_patient(),opensafely/openprompt_health_utilisation
minimum_for_patient(),opensafely/disparities-comparison
minimum_for_patient(),opensafely/open-pathology-sdr
minimum_for_patient(),opensafely/openprompt-hrqol
minimum_for_patient(),opensafely/opioids-covid-research
minimum_for_patient(),opensafely/pharmacy-first-data-development
minimum_for_patient(),opensafely/pincer-measures
minimum_for_patient(),opensafely/polypharmacy-deprescribing-dementia
minimum_for_patient(),opensafely/reusable-variables
minimum_for_patient(),opensafely/waiting-list
minimum_of(),opensafely/ADHD-Pre-and-Post-Covid
minimum_of(),opensafely/asthma_sro
minimum_of(),opensafely/ckd-healthcare-use
minimum_of(),opensafely/comparative-booster-ehrql-poc
minimum_of(),opensafely/covid-diabetes-care
minimum_of(),opensafely/covid-vaccine-history
minimum_of(),opensafely/dataset-definition-testing-examples
minimum_of(),opensafely/death-report
minimum_of(),opensafely/digital-access-to-primary-care
minimum_of(),opensafely/disease_incidence
minimum_of(),opensafely/disparities-comparison
minimum_of(),opensafely/dummy-data-workshop
minimum_of(),opensafely/inflammatory_rheum
minimum_of(),opensafely/isaric-exploration
minimum_of(),opensafely/mainroute_cancer
minimum_of(),opensafely/metformin_covid
minimum_of(),opensafely/open-pathology
minimum_of(),opensafely/openprompt-cohort-profile
minimum_of(),opensafely/openprompt-hrqol
minimum_of(),opensafely/opioids-covid-research
minimum_of(),opensafely/pharmacy-first
minimum_of(),opensafely/pharmacy-first-data-development
minimum_of(),opensafely/pifu-data-exploration
minimum_of(),opensafely/post-covid-cvd-methods
minimum_of(),opensafely/post-covid-neurodegenerative
minimum_of(),opensafely/post-covid-renal
minimum_of(),opensafely/post-covid-respiratory
minimum_of(),opensafely/prophy_effects_Sotro_Molnup
minimum_of(),opensafely/qof
minimum_of(),opensafely/qof-diabetes
minimum_of(),opensafely/reusable-variables
minimum_of(),opensafely/vte-diagnoses-and-deaths
months(),opensafely/ADHD-Pre-and-Post-Covid
months(),opensafely/JAKi-hosp
months(),opensafely/MH_pandemic
months(),opensafely/asthma_sro
months(),opensafely/cis-pop-validation-ehrql
months(),opensafely/ckd-healthcare-use
months(),opensafely/comparative-booster-ehrql-poc
months(),opensafely/covid-diabetes-care
months(),opensafely/custom-medication-dictionary-test
months(),opensafely/dataset-definition-testing-examples
months(),opensafely/digital-access-to-primary-care
months(),opensafely/disease_incidence
months(),opensafely/disparities-comparison
months(),opensafely/doacs-covid19-new
months(),opensafely/dummy-data-workshop
months(),opensafely/ehrql-test-study
months(),opensafely/ehrql-tutorial
months(),opensafely/end-of-life-carequality
months(),opensafely/isaric-exploration
months(),opensafely/mainroute_cancer
months(),opensafely/metformin_covid
months(),opensafely/open-pathology
months(),opensafely/openprompt-hrqol
months(),opensafely/openprompt-vaccine-long-covid
months(),opensafely/openprompt_health_utilisation
months(),opensafely/opioids-covid-research
months(),opensafely/pharmacy-first
months(),opensafely/pharmacy-first-data-development
months(),opensafely/pifu-data-exploration
months(),opensafely/pincer-measures
months(),opensafely/post-covid-cvd-methods
months(),opensafely/post-covid-neurodegenerative
months(),opensafely/post-covid-renal
months(),opensafely/post-covid-respiratory
months(),opensafely/prophy_effects_Sotro_Molnup
months(),opensafely/qof
months(),opensafely/qof-diabetes
months(),opensafely/reusable-variables
months(),opensafely/test-age-distribution
months(),opensafely/vte-diagnoses-and-deaths
months(),opensafely/waiting-list
show(),opensafely/ADHD-Pre-and-Post-Covid
show(),opensafely/SRO-Measures
show(),opensafely/comparative-booster-ehrql-poc
show(),opensafely/disparities-comparison
show(),opensafely/dummy-data-workshop
show(),opensafely/inflammatory_rheum
show(),opensafely/openprompt-hrqol
show(),opensafely/openprompt-vaccine-long-covid
show(),opensafely/openprompt_health_utilisation
show(),opensafely/opioids-covid-research
show(),opensafely/pincer-measures
show(),opensafely/post-covid-neurodegenerative
show(),opensafely/post-covid-respiratory
show(),opensafely/reusable-variables
sort_by(),opensafely/ADHD-Pre-and-Post-Covid
sort_by(),opensafely/COMPARES-vaccines
sort_by(),opensafely/JAKi-hosp
sort_by(),opensafely/MH_pandemic
sort_by(),opensafely/asthma_sro
sort_by(),opensafely/cis-pop-validation-ehrql
sort_by(),opensafely/ckd-healthcare-use
sort_by(),opensafely/codelist-checks-test
sort_by(),opensafely/comparative-booster-ehrql-poc
sort_by(),opensafely/covid-diabetes-care
sort_by(),opensafely/covid-vaccine-history
sort_by(),opensafely/custom-medication-dictionary-test
sort_by(),opensafely/dataset-definition-testing-examples
sort_by(),opensafely/death-report
sort_by(),opensafely/digital-access-to-primary-care
sort_by(),opensafely/disease_incidence
sort_by(),opensafely/disparities-comparison
sort_by(),opensafely/doacs-covid19-new
sort_by(),opensafely/dummy-data-workshop
sort_by(),opensafely/ehrql-test-study
sort_by(),opensafely/ehrql-tutorial
sort_by(),opensafely/ehrql-workflow
sort_by(),opensafely/end-of-life-carequality
sort_by(),opensafely/inflammatory_rheum
sort_by(),opensafely/isaric-exploration
sort_by(),opensafely/mainroute_cancer
sort_by(),opensafely/metformin_covid
sort_by(),opensafely/open-pathology
sort_by(),opensafely/open-pathology-sdr
sort_by(),opensafely/openprompt-cohort-profile
sort_by(),opensafely/openprompt-hrqol
sort_by(),opensafely/openprompt-vaccine-long-covid
sort_by(),opensafely/openprompt_health_utilisation
sort_by(),opensafely/opioids-covid-research
sort_by(),opensafely/pharmacy-first
sort_by(),opensafely/pharmacy-first-data-development
sort_by(),opensafely/pifu-data-exploration
sort_by(),opensafely/pincer-measures
sort_by(),opensafely/polypharmacy-deprescribing-dementia
sort_by(),opensafely/post-covid-cvd-methods
sort_by(),opensafely/post-covid-neurodegenerative
sort_by(),opensafely/post-covid-renal
sort_by(),opensafely/post-covid-respiratory
sort_by(),opensafely/post-covid-vax-autoimmune
sort_by(),opensafely/prophy_effects_Sotro_Molnup
sort_by(),opensafely/qof
sort_by(),opensafely/qof-diabetes
sort_by(),opensafely/reusable-variables
sort_by(),opensafely/tocilizumab_and_sarilumab
sort_by(),opensafely/vte-diagnoses-and-deaths
sort_by(),opensafely/waiting-list
start_date,opensafely/ADHD-Pre-and-Post-Covid
start_date,opensafely/COMPARES-vaccines
start_date,opensafely/JAKi-hosp
start_date,opensafely/asthma_sro
start_date,opensafely/cis-pop-validation-ehrql
start_date,opensafely/ckd-healthcare-use
start_date,opensafely/codelist-checks-test
start_date,opensafely/comparative-booster-ehrql-poc
start_date,opensafely/covid-diabetes-care
start_date,opensafely/covid-vaccine-history
start_date,opensafely/dataset-definition-testing-examples
start_date,opensafely/digital-access-to-primary-care
start_date,opensafely/disease_incidence
start_date,opensafely/disparities-comparison
start_date,opensafely/doacs-covid19-new
start_date,opensafely/dummy-data-workshop
start_date,opensafely/early-inflammatory-arthritis
start_date,opensafely/ehrql-test-study
start_date,opensafely/ehrql-tutorial
start_date,opensafely/end-of-life-carequality
start_date,opensafely/gh-testing-research
start_date,opensafely/inflammatory_rheum
start_date,opensafely/isaric-exploration
start_date,opensafely/mainroute_cancer
start_date,opensafely/metformin_covid
start_date,opensafely/open-pathology
start_date,opensafely/open-pathology-sdr
start_date,opensafely/openprompt-cohort-profile
start_date,opensafely/openprompt-hrqol
start_date,opensafely/openprompt-vaccine-long-covid
start_date,opensafely/openprompt_health_utilisation
start_date,opensafely/opioids-covid-research
start_date,opensafely/pharmacy-first
start_date,opensafely/pharmacy-first-data-development
start_date,opensafely/pifu-data-exploration
start_date,opensafely/pincer-measures
start_date,opensafely/post-covid-cvd-methods
start_date,opensafely/post-covid-neurodegenerative
start_date,opensafely/post-covid-renal
start_date,opensafely/post-covid-respiratory
start_date,opensafely/post-covid-vax-autoimmune
start_date,opensafely/prophy_effects_Sotro_Molnup
start_date,opensafely/qof
start_date,opensafely/qof-diabetes
start_date,opensafely/reusable-variables
start_date,opensafely/shielding-evaluation
start_date,opensafely/test-age-distribution
start_date,opensafely/tocilizumab_and_sarilumab
start_date,opensafely/vaccine-counts
start_date,opensafely/vte-diagnoses-and-deaths
start_date,opensafely/waiting-list
starting_on(),opensafely/ADHD-Pre-and-Post-Covid
starting_on(),opensafely/JAKi-hosp
starting_on(),opensafely/asthma_sro
starting_on(),opensafely/cis-pop-validation-ehrql
starting_on(),opensafely/comparative-booster-ehrql-poc
starting_on(),opensafely/covid-diabetes-care
starting_on(),opensafely/digital-access-to-primary-care
starting_on(),opensafely/disease_incidence
starting_on(),opensafely/disparities-comparison
starting_on(),opensafely/dummy-data-workshop
starting_on(),opensafely/early-inflammatory-arthritis
starting_on(),opensafely/ehrql-test-study
starting_on(),opensafely/ehrql-tutorial
starting_on(),opensafely/mainroute_cancer
starting_on(),opensafely/metformin_covid
starting_on(),opensafely/openprompt-hrqol
starting_on(),opensafely/openprompt_health_utilisation
starting_on(),opensafely/opioids-covid-research
starting_on(),opensafely/pharmacy-first
starting_on(),opensafely/pharmacy-first-data-development
starting_on(),opensafely/pifu-data-exploration
starting_on(),opensafely/post-covid-neurodegenerative
starting_on(),opensafely/post-covid-vax-autoimmune
starting_on(),opensafely/reusable-variables
starting_on(),opensafely/shielding-evaluation
starting_on(),opensafely/test-age-distribution
starting_on(),opensafely/vaccine-counts
starting_on(),opensafely/vte-diagnoses-and-deaths
starting_on(),opensafely/waiting-list
sum_for_patient(),opensafely/COMPARES-vaccines
sum_for_patient(),opensafely/ckd-healthcare-use
sum_for_patient(),opensafely/dataset-definition-testing-examples
sum_for_patient(),opensafely/disparities-comparison
sum_for_patient(),opensafely/post-covid-neurodegenerative
sum_for_patient(),opensafely/reusable-variables
sum_for_patient(),opensafely/waiting-list
to_category(),opensafely/ADHD-Pre-and-Post-Covid
to_category(),opensafely/COMPARES-vaccines
to_category(),opensafely/asthma_sro
to_category(),opensafely/cis-pop-validation-ehrql
to_category(),opensafely/comparative-booster-ehrql-poc
to_category(),opensafely/covid-diabetes-care
to_category(),opensafely/covid-vaccine-history
to_category(),opensafely/death-report
to_category(),opensafely/disease_incidence
to_category(),opensafely/disparities-comparison
to_category(),opensafely/dummy-data-workshop
to_category(),opensafely/ehrql-tutorial
to_category(),opensafely/end-of-life-carequality
to_category(),opensafely/isaric-exploration
to_category(),opensafely/mainroute_cancer
to_category(),opensafely/metformin_covid
to_category(),opensafely/openprompt-cohort-profile
to_category(),opensafely/openprompt-hrqol
to_category(),opensafely/openprompt_health_utilisation
to_category(),opensafely/opioids-covid-research
to_category(),opensafely/pharmacy-first
to_category(),opensafely/pharmacy-first-data-development
to_category(),opensafely/pifu-data-exploration
to_category(),opensafely/post-covid-cvd-methods
to_category(),opensafely/post-covid-neurodegenerative
to_category(),opensafely/post-covid-renal
to_category(),opensafely/qof
to_category(),opensafely/qof-diabetes
to_category(),opensafely/reusable-variables
to_category(),opensafely/tocilizumab_and_sarilumab
to_category(),opensafely/vte-diagnoses-and-deaths
to_category(),opensafely/waiting-list
to_first_of_month(),opensafely/openprompt-vaccine-long-covid
to_first_of_month(),opensafely/post-covid-cvd-methods
to_first_of_month(),opensafely/vte-diagnoses-and-deaths
to_first_of_year(),opensafely/openprompt-cohort-profile
test_data(),opensafely/ckd-healthcare-use
test_data(),opensafely/mainroute_cancer
test_data(),opensafely/metformin_covid
test_data(),opensafely/open-pathology
test_data(),opensafely/openprompt_health_utilisation
test_data(),opensafely/qof-diabetes
weeks(),opensafely/SRO-Measures
weeks(),opensafely/custom-medication-dictionary-test
weeks(),opensafely/death-report
weeks(),opensafely/digital-access-to-primary-care
weeks(),opensafely/disease_incidence
weeks(),opensafely/disparities-comparison
weeks(),opensafely/dummy-data-workshop
weeks(),opensafely/ehrql-tutorial
weeks(),opensafely/inflammatory_rheum
weeks(),opensafely/mainroute_cancer
weeks(),opensafely/metformin_covid
weeks(),opensafely/openprompt-hrqol
weeks(),opensafely/openprompt-vaccine-long-covid
weeks(),opensafely/openprompt_health_utilisation
weeks(),opensafely/opioids-covid-research
weeks(),opensafely/pharmacy-first
weeks(),opensafely/pharmacy-first-data-development
weeks(),opensafely/post-covid-cvd-methods
weeks(),opensafely/post-covid-neurodegenerative
weeks(),opensafely/post-covid-respiratory
when_null_then(),opensafely/ADHD-Pre-and-Post-Covid
when_null_then(),opensafely/disparities-comparison
when_null_then(),opensafely/opioids-covid-research
when_null_then(),opensafely/pharmacy-first
when_null_then(),opensafely/post-covid-neurodegenerative
when_null_then(),opensafely/post-covid-renal
when_null_then(),opensafely/qof-diabetes
where(),opensafely/ADHD-Pre-and-Post-Covid
where(),opensafely/COMPARES-vaccines
where(),opensafely/JAKi-hosp
where(),opensafely/MH_pandemic
where(),opensafely/SRO-Measures
where(),opensafely/asthma_sro
where(),opensafely/cis-pop-validation-ehrql
where(),opensafely/ckd-healthcare-use
where(),opensafely/codelist-checks-test
where(),opensafely/comparative-booster-ehrql-poc
where(),opensafely/covid-diabetes-care
where(),opensafely/covid-vaccine-history
where(),opensafely/custom-medication-dictionary-test
where(),opensafely/dataset-definition-testing-examples
where(),opensafely/death-report
where(),opensafely/digital-access-to-primary-care
where(),opensafely/disease_incidence
where(),opensafely/disparities-comparison
where(),opensafely/doacs-covid19-new
where(),opensafely/dummy-data-workshop
where(),opensafely/early-inflammatory-arthritis
where(),opensafely/ehrql-test-study
where(),opensafely/ehrql-tutorial
where(),opensafely/ehrql-workflow
where(),opensafely/end-of-life-carequality
where(),opensafely/gh-testing-research
where(),opensafely/inflammatory_rheum
where(),opensafely/isaric-exploration
where(),opensafely/mainroute_cancer
where(),opensafely/metformin_covid
where(),opensafely/open-pathology
where(),opensafely/open-pathology-sdr
where(),opensafely/openprompt-cohort-profile
where(),opensafely/openprompt-hrqol
where(),opensafely/openprompt-vaccine-long-covid
where(),opensafely/openprompt_health_utilisation
where(),opensafely/opioids-covid-research
where(),opensafely/pharmacy-first
where(),opensafely/pharmacy-first-data-development
where(),opensafely/pifu-data-exploration
where(),opensafely/pincer-measures
where(),opensafely/polypharmacy-deprescribing-dementia
where(),opensafely/post-covid-cvd-methods
where(),opensafely/post-covid-neurodegenerative
where(),opensafely/post-covid-renal
where(),opensafely/post-covid-respiratory
where(),opensafely/prophy_effects_Sotro_Molnup
where(),opensafely/qof
where(),opensafely/qof-diabetes
where(),opensafely/reusable-variables
where(),opensafely/shielding-evaluation
where(),opensafely/test-age-distribution
where(),opensafely/tocilizumab_and_sarilumab
where(),opensafely/vaccine-counts
where(),opensafely/vte-diagnoses-and-deaths
where(),opensafely/waiting-list
years(),opensafely/ADHD-Pre-and-Post-Covid
years(),opensafely/COMPARES-vaccines
years(),opensafely/MH_pandemic
years(),opensafely/SRO-Measures
years(),opensafely/asthma_sro
years(),opensafely/cis-pop-validation-ehrql
years(),opensafely/ckd-healthcare-use
years(),opensafely/comparative-booster-ehrql-poc
years(),opensafely/covid-diabetes-care
years(),opensafely/custom-medication-dictionary-test
years(),opensafely/dataset-definition-testing-examples
years(),opensafely/digital-access-to-primary-care
years(),opensafely/disease_incidence
years(),opensafely/disparities-comparison
years(),opensafely/dummy-data-workshop
years(),opensafely/early-inflammatory-arthritis
years(),opensafely/ehrql-test-study
years(),opensafely/ehrql-workflow
years(),opensafely/end-of-life-carequality
years(),opensafely/gh-testing-research
years(),opensafely/inflammatory_rheum
years(),opensafely/isaric-exploration
years(),opensafely/mainroute_cancer
years(),opensafely/metformin_covid
years(),opensafely/open-pathology
years(),opensafely/openprompt-cohort-profile
years(),opensafely/openprompt-hrqol
years(),opensafely/openprompt-vaccine-long-covid
years(),opensafely/openprompt_health_utilisation
years(),opensafely/opioids-covid-research
years(),opensafely/pharmacy-first
years(),opensafely/pharmacy-first-data-development
years(),opensafely/pifu-data-exploration
years(),opensafely/pincer-measures
years(),opensafely/post-covid-cvd-methods
years(),opensafely/post-covid-neurodegenerative
years(),opensafely/post-covid-renal
years(),opensafely/post-covid-vax-autoimmune
years(),opensafely/prophy_effects_Sotro_Molnup
years(),opensafely/qof
years(),opensafely/qof-diabetes
years(),opensafely/reusable-variables
years(),opensafely/shielding-evaluation
years(),opensafely/tocilizumab_and_sarilumab
years(),opensafely/vaccine-counts
years(),opensafely/vte-diagnoses-and-deaths
years(),opensafely/waiting-list
